Name,Party,Constituency,Email
Jack Abbott,Labour,Ipswich,jack.abbott.mp@parliament.uk
Ms Diane Abbott,Independent,Hackney North and Stoke Newington,diane.abbott.office@parliament.uk
Debbie Abrahams,Labour,Oldham East and Saddleworth,abrahamsd@parliament.uk
Shockat Adam,Independent,Leicester South,shockat.adam.mp@parliament.uk
Dr Zubir Ahmed,Labour,Glasgow South West,zubir.ahmed.mp@parliament.uk
Luke Akehurst,Labour,North Durham,luke.akehurst.mp@parliament.uk
Mr Bayo Alaba,Labour,Southend East and Rochford,bayo.alaba.mp@parliament.uk
Dan Aldridge,Labour,Weston-super-Mare,daniel.aldridge.mp@parliament.uk
Heidi Alexander,Labour,Swindon South,heidi.alexander.mp@parliament.uk
Mr Douglas Alexander,Labour,Lothian East,douglas.alexander.mp@parliament.uk
Sadik Al-Hassan,Labour,North Somerset,sadik.alhassan.mp@parliament.uk
Rushanara Ali,Labour,Bethnal Green and Stepney,rushanara.ali.mp@parliament.uk
Tahir Ali,Labour,Birmingham Hall Green and Moseley,tahir.ali.mp@parliament.uk
Dr Rosena Allin-Khan,Labour,Tooting,rosena.allinkhan.mp@parliament.uk
Jim Allister,Traditional Unionist Voice,North Antrim,jim.allister.mp@parliament.uk
Gideon Amos,Liberal Democrat,Taunton and Wellington,gideon.amos.mp@parliament.uk
Callum Anderson,Labour,Buckingham and Bletchley,callum.anderson.mp@parliament.uk
Fleur Anderson,Labour,Putney,fleur.anderson.mp@parliament.uk
Lee Anderson,Reform UK,Ashfield,lee.anderson.mp@parliament.uk
Stuart Anderson,Conservative,South Shropshire,stuart.anderson.mp@parliament.uk
Stuart Andrew,Conservative,Daventry,stuart.andrew.mp@parliament.uk
Tonia Antoniazzi,Labour,Gower,tonia.antoniazzi.mp@parliament.uk
Steff Aquarone,Liberal Democrat,North Norfolk,steff.aquarone.mp@parliament.uk
Edward Argar,Conservative,Melton and Syston,edward.argar.mp@parliament.uk
Dr Scott Arthur,Labour,Edinburgh South West,scott.arthur.mp@parliament.uk
Jess Asato,Labour,Lowestoft,jess.asato.mp@parliament.uk
James Asser,Labour,West Ham and Beckton,james.asser.mp@parliament.uk
Jas Athwal,Labour,Ilford South,jas.athwal.mp@parliament.uk
Victoria Atkins,Conservative,Louth and Horncastle,Not Available
Catherine Atkinson,Labour,Derby North,catherine.atkinson.mp@parliament.uk
Lewis Atkinson,Labour,Sunderland Central,lewis.atkinson.mp@parliament.uk
Josh Babarinde,Liberal Democrat,Eastbourne,josh.babarinde.mp@parliament.uk
Gareth Bacon,Conservative,Orpington,gareth.bacon.mp@parliament.uk
Mrs Kemi Badenoch,Conservative,North West Essex,kemi.badenoch.mp@parliament.uk
Mr Calvin Bailey,Labour,Leyton and Wanstead,calvin.bailey.mp@parliament.uk
Olivia Bailey,Labour,Reading West and Mid Berkshire,olivia.bailey.mp@parliament.uk
David Baines,Labour,St Helens North,david.baines.mp@parliament.uk
Alex Baker,Labour,Aldershot,alex.baker.mp@parliament.uk
Richard Baker,Labour,Glenrothes and Mid Fife,richard.baker.mp@parliament.uk
Dame Harriett Baldwin,Conservative,West Worcestershire,harriett.baldwin.mp@parliament.uk
Alex Ballinger,Labour,Halesowen,alex.ballinger.mp@parliament.uk
Antonia Bance,Labour,Tipton and Wednesbury,antonia.bance.mp@parliament.uk
Steve Barclay,Conservative,North East Cambridgeshire,stephen.barclay.mp@parliament.uk
Paula Barker,Labour,Liverpool Wavertree,paula.barker.mp@parliament.uk
Lee Barron,Labour,Corby and East Northamptonshire,lee.barron.mp@parliament.uk
Mr Alex Barros-Curtis,Labour,Cardiff West,alex.barroscurtis.mp@parliament.uk
Johanna Baxter,Labour,Paisley and Renfrewshire South,johanna.baxter.mp@parliament.uk
Danny Beales,Labour,Uxbridge and South Ruislip,danny.beales.mp@parliament.uk
Lorraine Beavers,Labour,Blackpool North and Fleetwood,lorraine.beavers.mp@parliament.uk
Mr Peter Bedford,Conservative,Mid Leicestershire,peter.bedford.mp@parliament.uk
Órfhlaith Begley,Sinn Féin,West Tyrone,Not Available
Apsana Begum,Independent,Poplar and Limehouse,apsana.begum.mp@parliament.uk
Torsten Bell,Labour,Swansea West,torsten.bell.mp@parliament.uk
Hilary Benn,Labour,Leeds South,bennh@parliament.uk
Alison Bennett,Liberal Democrat,Mid Sussex,alison.bennett.mp@parliament.uk
Siân Berry,Green Party,Brighton Pavilion,sian.berry.mp@parliament.uk
Mr Clive Betts,Labour,Sheffield South East,officeofclivebettsmp@parliament.uk
Saqib Bhatti,Conservative,Meriden and Solihull East,saqib.bhatti@parliament.uk
Ms Polly Billington,Labour,East Thanet,polly.billington.mp@parliament.uk
Matt Bishop,Labour,Forest of Dean,matt.bishop.mp@parliament.uk
Bob Blackman,Conservative,Harrow East,bob.blackman.mp@parliament.uk
Kirsty Blackman,Scottish National Party,Aberdeen North,kirsty.blackman.mp@parliament.uk
Olivia Blake,Labour,Sheffield Hallam,olivia.blake.mp@parliament.uk
Rachel Blake,Labour,Cities of London and Westminster,rachel.blake.mp@parliament.uk
Chris Bloore,Labour,Redditch,chris.bloore.mp@parliament.uk
Mrs Elsie Blundell,Labour,Heywood and Middleton North,elsie.blundell.mp@parliament.uk
Kevin Bonavia,Labour,Stevenage,kevin.bonavia.mp@parliament.uk
Sarah Bool,Conservative,South Northamptonshire,sarah.bool.mp@parliament.uk
Jade Botterill,Labour,Ossett and Denby Dale,jade.botterill.mp@parliament.uk
Andrew Bowie,Conservative,West Aberdeenshire and Kincardine,andrew.bowie.mp@parliament.uk
Mrs Sureena Brackenridge,Labour,Wolverhampton North East,sureena.brackenridge.mp@parliament.uk
Dame Karen Bradley,Conservative,Staffordshire Moorlands,karen.bradley.mp@parliament.uk
Aphra Brandreth,Conservative,Chester South and Eddisbury,aphra.brandreth.mp@parliament.uk
Mr Jonathan Brash,Labour,Hartlepool,jonathan.brash.mp@parliament.uk
Suella Braverman,Conservative,Fareham and Waterlooville,suella.braverman.mp@parliament.uk
Alex Brewer,Liberal Democrat,North East Hampshire,alex.brewer.mp@parliament.uk
Phil Brickell,Labour,Bolton West,phil.brickell.mp@parliament.uk
Jess Brown-Fuller,Liberal Democrat,Chichester,jess.brownfuller.mp@parliament.uk
Chris Bryant,Labour,Rhondda and Ogmore,chris.bryant.mp@parliament.uk
Julia Buckley,Labour,Shrewsbury,julia.buckley.mp@parliament.uk
Alex Burghart,Conservative,Brentwood and Ongar,alex.burghart.mp@parliament.uk
Richard Burgon,Labour,Leeds East,Not Available
Maureen Burke,Labour,Glasgow North East,maureen.burke.mp@parliament.uk
David Burton-Sampson,Labour,Southend West and Leigh,david.burtonsampson.mp@parliament.uk
Dawn Butler,Labour,Brent East,dawn.butler.mp@parliament.uk
Ian Byrne,Labour,Liverpool West Derby,ian.byrne.mp@parliament.uk
Liam Byrne,Labour,Birmingham Hodge Hill and Solihull North,liam.byrne.mp@parliament.uk
Ruth Cadbury,Labour,Brentford and Isleworth,ruthcadburymp@parliament.uk
Nesil Caliskan,Labour,Barking,nesil.caliskan.mp@parliament.uk
Irene Campbell,Labour,North Ayrshire and Arran,irene.campbell.mp@parliament.uk
Juliet Campbell,Labour,Broxtowe,juliet.campbell.mp@parliament.uk
Mr Gregory Campbell,Democratic Unionist Party,East Londonderry,aaron.callan@parliament.uk
Sir Alan Campbell,Labour,Tynemouth,alan.campbell.mp@parliament.uk
Markus Campbell-Savours,Labour,Penrith and Solway,markus.campbellsavours.mp@parliament.uk
Charlotte Cane,Liberal Democrat,Ely and East Cambridgeshire,charlotte.cane.mp@parliament.uk
Dan Carden,Labour,Liverpool Walton,dan.carden.mp@parliament.uk
Sam Carling,Labour,North West Cambridgeshire,sam.carling.mp@parliament.uk
Mr Alistair Carmichael,Liberal Democrat,Orkney and Shetland,carmichaela@parliament.uk
Al Carns,Labour,Birmingham Selly Oak,al.carns.mp@parliament.uk
James Cartlidge,Conservative,South Suffolk,james.cartlidge.mp@parliament.uk
David Chadwick,Liberal Democrat,"Brecon, Radnor and Cwm Tawe",david.chadwick.mp@parliament.uk
Wendy Chamberlain,Liberal Democrat,North East Fife,wendy.chamberlain.mp@parliament.uk
Dr Danny Chambers,Liberal Democrat,Winchester,danny.chambers.mp@parliament.uk
Sarah Champion,Labour,Rotherham,sarah.champion.mp@parliament.uk
Bambos Charalambous,Labour,Southgate and Wood Green,bambos.charalambous.mp@parliament.uk
Mr Luke Charters,Labour,York Outer,luke.charters.mp@parliament.uk
Sir Christopher Chope,Conservative,Christchurch,chopec@parliament.uk
Ellie Chowns,Green Party,North Herefordshire,ellie.chowns.mp@parliament.uk
Feryal Clark,Labour,Enfield North,feryal.clark.mp@parliament.uk
Sir James Cleverly,Conservative,Braintree,james.cleverly.mp@parliament.uk
Sir Geoffrey Clifton-Brown,Conservative,North Cotswolds,cliftonbrowng@parliament.uk
Lewis Cocking,Conservative,Broxbourne,lewis.cocking.mp@parliament.uk
Chris Coghlan,Liberal Democrat,Dorking and Horley,chris.coghlan.mp@parliament.uk
Ben Coleman,Labour,Chelsea and Fulham,ben.coleman.mp@parliament.uk
Jacob Collier,Labour,Burton and Uttoxeter,jacob.collier.mp@parliament.uk
Lizzi Collinge,Labour,Morecambe and Lunesdale,lizzi.collinge.mp@parliament.uk
Tom Collins,Labour,Worcester,tom.collins.mp@parliament.uk
Victoria Collins,Liberal Democrat,Harpenden and Berkhamsted,victoria.collins.mp@parliament.uk
Liam Conlon,Labour,Beckenham and Penge,liam.conlon.mp@parliament.uk
Sarah Coombes,Labour,West Bromwich,sarah.coombes.mp@parliament.uk
Andrew Cooper,Labour,Mid Cheshire,andrew.cooper.mp@parliament.uk
Daisy Cooper,Liberal Democrat,St Albans,daisy.cooper.mp@parliament.uk
Dr Beccy Cooper,Labour,Worthing West,beccy.cooper.mp@parliament.uk
John Cooper,Conservative,Dumfries and Galloway,john.cooper.mp@parliament.uk
Yvette Cooper,Labour,"Pontefract, Castleford and Knottingley",coopery@parliament.uk
Jeremy Corbyn,Independent,Islington North,jeremy.corbyn.mp@parliament.uk
Alberto Costa,Conservative,South Leicestershire,alberto.costa.mp@parliament.uk
Deirdre Costigan,Labour,Ealing Southall,deirdre.costigan.mp@parliament.uk
Claire Coutinho,Conservative,East Surrey,claire.coutinho.mp@parliament.uk
Pam Cox,Labour,Colchester,pam.cox.mp@parliament.uk
Sir Geoffrey Cox,Conservative,Torridge and Tavistock,coxg@parliament.uk
Neil Coyle,Labour,Bermondsey and Old Southwark,neil.coyle.mp@parliament.uk
Jen Craft,Labour,Thurrock,jen.craft.mp@parliament.uk
Mary Creagh,Labour,Coventry East,mary.creagh.mp@parliament.uk
Ms Stella Creasy,Labour,Walthamstow,stella.creasy.mp@parliament.uk
Torcuil Crichton,Labour,Na h-Eileanan an Iar,torcuil.crichton.mp@parliament.uk
Harriet Cross,Conservative,Gordon and Buchan,harriet.cross.mp@parliament.uk
Pat Cullen,Sinn Féin,Fermanagh and South Tyrone,pat.cullen.mp@parliament.uk
Judith Cummins,Labour,Bradford South,judith.cummins.mp@parliament.uk
Chris Curtis,Labour,Milton Keynes North,chris.curtis.mp@parliament.uk
Janet Daby,Labour,Lewisham East,janet.daby.mp@parliament.uk
Sir Nicholas Dakin,Labour,Scunthorpe,nic.dakin.mp@parliament.uk
Ashley Dalton,Labour,West Lancashire,ashley.dalton.mp@parliament.uk
Adam Dance,Liberal Democrat,Yeovil,adam.dance.mp@parliament.uk
Steve Darling,Liberal Democrat,Torbay,steve.darling.mp@parliament.uk
Emily Darlington,Labour,Milton Keynes Central,emily.darlington.mp@parliament.uk
Ed Davey,Liberal Democrat,Kingston and Surbiton,edward.davey.mp@parliament.uk
Ann Davies,Plaid Cymru,Caerfyrddin,ann.davies.mp@parliament.uk
Gareth Davies,Conservative,Grantham and Bourne,gareth.davies.mp@parliament.uk
Jonathan Davies,Labour,Mid Derbyshire,jonathan.davies.mp@parliament.uk
Mims Davies,Conservative,East Grinstead and Uckfield,mims.davies.mp@parliament.uk
Paul Davies,Labour,Colne Valley,paul.davies.mp@parliament.uk
Shaun Davies,Labour,Telford,shaun.davies.mp@parliament.uk
Alex Davies-Jones,Labour,Pontypridd,alex.daviesjones.mp@parliament.uk
David Davis,Conservative,Goole and Pocklington,david.davis.mp@parliament.uk
Marsha De Cordova,Labour,Battersea,marsha.decordova.mp@parliament.uk
Bobby Dean,Liberal Democrat,Carshalton and Wallington,bobby.dean.mp@parliament.uk
Josh Dean,Labour,Hertford and Stortford,josh.dean.mp@parliament.uk
Kate Dearden,Labour,Halifax,kate.dearden.mp@parliament.uk
Carla Denyer,Green Party,Bristol Central,carla.denyer.mp@parliament.uk
Charlie Dewhirst,Conservative,Bridlington and The Wolds,charlie.dewhirst.mp@parliament.uk
Mr Tanmanjeet Singh Dhesi,Labour,Slough,tan.dhesi.mp@parliament.uk
Jim Dickson,Labour,Dartford,jim.dickson.mp@parliament.uk
Mr Lee Dillon,Liberal Democrat,Newbury,lee.dillon.mp@parliament.uk
Dame Caroline Dinenage,Conservative,Gosport,caroline.dinenage.mp@parliament.uk
Anna Dixon,Labour,Shipley,anna.dixon.mp@parliament.uk
Samantha Dixon,Labour,Chester North and Neston,Samantha.dixon.mp@parliament.uk
Anneliese Dodds,Labour,Oxford East,anneliese.dodds.mp@parliament.uk
Helena Dollimore,Labour,Hastings and Rye,helena.dollimore.mp@parliament.uk
Dave Doogan,Scottish National Party,Angus and Perthshire Glens,dave.doogan.mp@parliament.uk
Stephen Doughty,Labour,Cardiff South and Penarth,stephen.doughty.mp@parliament.uk
Peter Dowd,Labour,Bootle,peter.dowd.mp@parliament.uk
Sir Oliver Dowden,Conservative,Hertsmere,oliver.dowden.mp@parliament.uk
Graeme Downie,Labour,Dunfermline and Dollar,graeme.downie.mp@parliament.uk
Rosie Duffield,Independent,Canterbury,rosie.duffield.mp@parliament.uk
Sir Iain Duncan Smith,Conservative,Chingford and Woodford Green,Iain.duncansmith.mp@parliament.uk
Neil Duncan-Jordan,Independent,Poole,neil.duncanjordan.mp@parliament.uk
Sarah Dyke,Liberal Democrat,Glastonbury and Somerton,sarah.dyke.mp@parliament.uk 
Dame Angela Eagle,Labour,Wallasey,eaglea@parliament.uk
Maria Eagle,Labour,Liverpool Garston,maria.eagle.mp@parliament.uk
Alex Easton,Independent,North Down,alex.easton.mp@parliament.uk
Colum Eastwood,Social Democratic & Labour Party,Foyle,colum.eastwood.mp@parliament.uk
Sorcha Eastwood,Alliance,Lagan Valley,sorcha.eastwood.mp@parliament.uk
Cat Eccles,Labour,Stourbridge,cat.eccles.mp@parliament.uk
Lauren Edwards,Labour,Rochester and Strood,lauren.edwards.mp@parliament.uk
Sarah Edwards,Labour,Tamworth,sarah.edwards.mp@parliament.uk
Clive Efford,Labour,Eltham and Chislehurst,clive.efford.mp@parliament.uk
Damien Egan,Labour,Bristol North East,damien.egan.mp@parliament.uk
Maya Ellis,Labour,Ribble Valley,maya.ellis.mp@parliament.uk
Chris Elmore,Labour,Bridgend,Chris.Elmore.mp@parliament.uk
Kirith Entwistle,Labour,Bolton North East,kirith.entwistle.mp@parliament.uk
Florence Eshalomi,Labour,Vauxhall and Camberwell Green,florence.eshalomi.mp@parliament.uk
Bill Esterson,Labour,Sefton Central,bill.esterson.mp@parliament.uk
Chris Evans,Labour,Caerphilly,chris.evans.mp@parliament.uk
Dr Luke Evans,Conservative,Hinckley and Bosworth,luke.evans.mp@parliament.uk
Miatta Fahnbulleh,Labour,Peckham,miatta.fahnbulleh.mp@parliament.uk
Mr Hamish Falconer,Labour,Lincoln,hamish.falconer.mp@parliament.uk
Nigel Farage,Reform UK,Clacton,nigel.farage.mp@parliament.uk
Linsey Farnsworth,Labour,Amber Valley,linsey.farnsworth.mp@parliament.uk
Tim Farron,Liberal Democrat,Westmorland and Lonsdale,tim.farron.mp@parliament.uk
Josh Fenton-Glynn,Labour,Calder Valley,josh.fentonglynn.mp@parliament.uk
Mark Ferguson,Labour,Gateshead Central and Whickham,mark.ferguson.mp@parliament.uk
Patricia Ferguson,Labour,Glasgow West,patricia.ferguson.mp@parliament.uk
John Finucane,Sinn Féin,Belfast North,john.finucane.mp@parliament.uk
Natalie Fleet,Labour,Bolsover,natalie.fleet.mp@parliament.uk
Stephen Flynn,Scottish National Party,Aberdeen South,stephen.flynn.mp@parliament.uk
Emma Foody,Labour,Cramlington and Killingworth,emma.foody.mp@parliament.uk
Catherine Fookes,Labour,Monmouthshire,catherine.fookes.mp@parliament.uk
Richard Foord,Liberal Democrat,Honiton and Sidmouth,richard.foord.mp@parliament.uk
Mr Will Forster,Liberal Democrat,Woking,will.forster.mp@parliament.uk
Peter Fortune,Conservative,Bromley and Biggin Hill,peter.fortune.mp@parliament.uk
Mr Paul Foster,Labour,South Ribble,paul.foster.mp@parliament.uk
Sir Ashley Fox,Conservative,Bridgwater,ashley.fox.mp@parliament.uk
Vicky Foxcroft,Labour,Lewisham North,vicky.foxcroft.mp@parliament.uk
Mary Kelly Foy,Labour,City of Durham,mary.foy.mp@parliament.uk
Daniel Francis,Labour,Bexleyheath and Crayford,daniel.francis.mp@parliament.uk
Mr Mark Francois,Conservative,Rayleigh and Wickford,mark.francois.mp@parliament.uk
Zöe Franklin,Liberal Democrat,Guildford,zoe.franklin.mp@parliament.uk
George Freeman,Conservative,Mid Norfolk,george.freeman.mp@parliament.uk
Mr Louie French,Conservative,Old Bexley and Sidcup,louie.french.mp@parliament.uk
Mr James Frith,Labour,Bury North,james.frith.mp@parliament.uk
Richard Fuller,Conservative,North Bedfordshire,richard.fuller.mp@parliament.uk
Gill Furniss,Labour,Sheffield Brightside and Hillsborough,gill.furniss.mp@parliament.uk
Sir Roger Gale,Conservative,Herne Bay and Sandwich,galerj@parliament.uk
Barry Gardiner,Labour,Brent West,barry.gardiner.mp@parliament.uk
Dr Allison Gardner,Labour,Stoke-on-Trent South,allison.gardner.mp@parliament.uk
Mark Garnier,Conservative,Wyre Forest,mark.garnier.mp@parliament.uk
Anna Gelderd,Labour,South East Cornwall,anna.gelderd.mp@parliament.uk
Alan Gemmell,Labour,Central Ayrshire,alan.gemmell.mp@parliament.uk
Andrew George,Liberal Democrat,St Ives,andrew.george.mp@parliament.uk
Gill German,Labour,Clwyd North,gill.german.mp@parliament.uk
Stephen Gethins,Scottish National Party,Arbroath and Broughty Ferry,stephen.gethins.mp@parliament.uk
Ms Nusrat Ghani,Conservative,Sussex Weald,nusrat.ghani.mp@parliament.uk
Sarah Gibson,Liberal Democrat,Chippenham,sarah.gibson.mp@parliament.uk
Tracy Gilbert,Labour,Edinburgh North and Leith,tracy.gilbert.mp@parliament.uk
Preet Kaur Gill,Labour,Birmingham Edgbaston,preet.gill.mp@parliament.uk
Rachel Gilmour,Liberal Democrat,Tiverton and Minehead,rachel.gilmour.mp@parliament.uk
Becky Gittins,Labour,Clwyd East,becky.gittins.mp@parliament.uk
John Glen,Conservative,Salisbury,john.glen.mp@parliament.uk
Mary Glindon,Labour,Newcastle upon Tyne East and Wallsend,mary.glindon.mp@parliament.uk
Olly Glover,Liberal Democrat,Didcot and Wantage,olly.glover.mp@parliament.uk
Marie Goldman,Liberal Democrat,Chelmsford,marie.goldman.mp@parliament.uk
Ben Goldsborough,Labour,South Norfolk,ben.goldsborough.mp@parliament.uk
Tom Gordon,Liberal Democrat,Harrogate and Knaresborough,tom.gordon.mp@parliament.uk
Jodie Gosling,Labour,Nuneaton,jodie.gosling.mp@parliament.uk
Georgia Gould,Labour,Queen's Park and Maida Vale,georgia.gould.mp@parliament.uk
John Grady,Labour,Glasgow East,john.grady.mp@parliament.uk
Helen Grant,Conservative,Maidstone and Malling,helen.grant.mp@parliament.uk
Sarah Green,Liberal Democrat,Chesham and Amersham,sarah.green.mp@parliament.uk
Lilian Greenwood,Labour,Nottingham South,lilian.greenwood.mp@parliament.uk
Andrew Griffith,Conservative,Arundel and South Downs,andrew.griffith.mp@parliament.uk
Dame Nia Griffith,Labour,Llanelli,nia.griffith.mp@parliament.uk
Alison Griffiths,Conservative,Bognor Regis and Littlehampton,alison.griffiths.mp@parliament.uk
Andrew Gwynne,Independent,Gorton and Denton,gwynnea@parliament.uk
Amanda Hack,Labour,North West Leicestershire,amanda.hack.mp@parliament.uk
Louise Haigh,Labour,Sheffield Heeley,louise.haigh.mp@parliament.uk
Sarah Hall,Labour,Warrington South,sarah.hall.mp@parliament.uk
Fabian Hamilton,Labour,Leeds North East,fabian.hamilton.mp@parliament.uk
Paulette Hamilton,Labour,Birmingham Erdington,paulette.hamilton.mp@parliament.uk
Claire Hanna,Social Democratic & Labour Party,Belfast South and Mid Down,claire.hanna.mp@parliament.uk
Monica Harding,Liberal Democrat,Esher and Walton,monica.harding.mp@parliament.uk
Emma Hardy,Labour,Kingston upon Hull West and Haltemprice,emma.hardy.mp@parliament.uk
Carolyn Harris,Labour,Neath and Swansea East,carolyn.harris.mp@parliament.uk
Rebecca Harris,Conservative,Castle Point,rebecca.harris.mp@parliament.uk
Lloyd Hatton,Labour,South Dorset,lloyd.hatton.mp@parliament.uk
Helen Hayes,Labour,Dulwich and West Norwood,helen.hayes.mp@parliament.uk
Sir John Hayes,Conservative,South Holland and The Deepings,hayesj@parliament.uk
Tom Hayes,Labour,Bournemouth East,tom.hayes.mp@parliament.uk
Claire Hazelgrove,Labour,Filton and Bradley Stoke,claire.hazelgrove.mp@parliament.uk
Chris Hazzard,Sinn Féin,South Down,chris.hazzard.mp@parliament.uk
John Healey,Labour,Rawmarsh and Conisbrough,john.healey.mp@parliament.uk
Sir Mark Hendrick,Labour,Preston,mark.hendrick.mp@parliament.uk
Pippa Heylings,Liberal Democrat,South Cambridgeshire,pippa.heylings.mp@parliament.uk
Dame Meg Hillier,Labour,Hackney South and Shoreditch,meghilliermp@parliament.uk
Chris Hinchliff,Independent,North East Hertfordshire,chris.hinchliff.mp@parliament.uk
Jonathan Hinder,Labour,Pendle and Clitheroe,jonathan.hinder.mp@parliament.uk
Damian Hinds,Conservative,East Hampshire,damian.hinds.mp@parliament.uk
Simon Hoare,Conservative,North Dorset,simon.hoare.mp@parliament.uk
Wera Hobhouse,Liberal Democrat,Bath,wera.hobhouse.mp@parliament.uk
Mrs Sharon Hodgson,Labour,Washington and Gateshead South,sharon.hodgson.mp@parliament.uk
Mr Richard Holden,Conservative,Basildon and Billericay,richard.holden.mp@parliament.uk
Kevin Hollinrake,Conservative,Thirsk and Malton,kevin.hollinrake.mp@parliament.uk
Paul Holmes,Conservative,Hamble Valley,paul.holmes.mp@parliament.uk
Rachel Hopkins,Labour,Luton South and South Bedfordshire,rachel.hopkins.mp@parliament.uk
Sir Lindsay Hoyle,Speaker,Chorley,Lindsay.hoyle.mp@parliament.uk
Nigel Huddleston,Conservative,Droitwich and Evesham,nigel.huddleston.mp@parliament.uk
Dr Neil Hudson,Conservative,Epping Forest,neil.hudson.mp@parliament.uk
Claire Hughes,Labour,Bangor Aberconwy,claire.hughes.mp@parliament.uk
Dáire Hughes,Sinn Féin,Newry and Armagh,daire.hughes.mp@parliament.uk
Alison Hume,Labour,Scarborough and Whitby,alison.hume.mp@parliament.uk
Sir Jeremy Hunt,Conservative,Godalming and Ash,huntj@parliament.uk
Dr Rupa Huq,Labour,Ealing Central and Acton,rupa.huq.mp@parliament.uk
Patrick Hurley,Labour,Southport,patrick.hurley.mp@parliament.uk
Imran Hussain,Labour,Bradford East,imran.hussain.mp@parliament.uk
Mr Adnan Hussain,Independent,Blackburn,adnan.hussain.mp@parliament.uk
Leigh Ingham,Labour,Stafford,leigh.ingham.mp@parliament.uk
Natasha Irons,Labour,Croydon East,natasha.irons.mp@parliament.uk
Sally Jameson,Labour,Doncaster Central,sally.jameson.mp@parliament.uk
Christine Jardine,Liberal Democrat,Edinburgh West,christine.jardine.mp@parliament.uk
Dan Jarvis,Labour,Barnsley North,dan.jarvis.mp@parliament.uk
Liz Jarvis,Liberal Democrat,Eastleigh,liz.jarvis.mp@parliament.uk
Sir Bernard Jenkin,Conservative,Harwich and North Essex,bernard.jenkin.mp@parliament.uk
Robert Jenrick,Conservative,Newark,robert.jenrick.mp@parliament.uk
Terry Jermy,Labour,South West Norfolk,terry.jermy.mp@parliament.uk
Adam Jogee,Labour,Newcastle-under-Lyme,adam.jogee.mp@parliament.uk
Dame Diana Johnson,Labour,Kingston upon Hull North and Cottingham,johnsond@parliament.uk
Dr Caroline Johnson,Conservative,Sleaford and North Hykeham,caroline.johnson.mp@parliament.uk
Kim Johnson,Labour,Liverpool Riverside,kim.johnson.mp@parliament.uk
Clive Jones,Liberal Democrat,Wokingham,clive.jones.mp@parliament.uk
Darren Jones,Labour,Bristol North West,darren.jones.mp@parliament.uk
Gerald Jones,Labour,Merthyr Tydfil and Aberdare,gerald.jones.mp@parliament.uk
Lillian Jones,Labour,Kilmarnock and Loudoun,lillian.jones.mp@parliament.uk
Louise Jones,Labour,North East Derbyshire,louise.jones.mp@parliament.uk
Ruth Jones,Labour,Newport West and Islwyn,ruth.jones.mp@parliament.uk
Sarah Jones,Labour,Croydon West,sarah.jones.mp@parliament.uk
Lincoln Jopp,Conservative,Spelthorne,lincoln.jopp.mp@parliament.uk
Gurinder Singh Josan,Labour,Smethwick,gurinder.josan.mp@parliament.uk
Sojan Joseph,Labour,Ashford,sojan.joseph.mp@parliament.uk
Warinder Juss,Labour,Wolverhampton West,warinder.juss.mp@parliament.uk
Chris Kane,Labour,Stirling and Strathallan,chris.kane.mp@parliament.uk
Mike Kane,Labour,Wythenshawe and Sale East,mike.kane.mp@parliament.uk
Satvir Kaur,Labour,Southampton Test,satvir.kaur.mp@parliament.uk
Alicia Kearns,Conservative,Rutland and Stamford,alicia.kearns.mp@parliament.uk
Liz Kendall,Labour,Leicester West,liz.kendall.mp@parliament.uk
Afzal Khan,Labour,Manchester Rusholme,afzal.khan.mp@parliament.uk
Ayoub Khan,Independent,Birmingham Perry Barr,ayoub.khan.mp@parliament.uk
Naushabah Khan,Labour,Gillingham and Rainham,naushabah.khan.mp@parliament.uk
Stephen Kinnock,Labour,Aberafan Maesteg,stephen.kinnock.mp@parliament.uk
Jayne Kirkham,Labour,Truro and Falmouth,jayne.kirkham.mp@parliament.uk
Gen Kitchen,Labour,Wellingborough and Rushden,gen.kitchen.mp@parliament.uk
Mr Paul Kohler,Liberal Democrat,Wimbledon,paul.kohler.mp@parliament.uk
Danny Kruger,Conservative,East Wiltshire,danny.kruger.mp@parliament.uk
Sonia Kumar,Labour,Dudley,sonia.kumar.mp@parliament.uk
Uma Kumaran,Labour,Stratford and Bow,uma.kumaran.mp@parliament.uk
Peter Kyle,Labour,Hove and Portslade,peter.kyle.mp@parliament.uk
Laura Kyrke-Smith,Labour,Aylesbury,laura.kyrkesmith.mp@parliament.uk
Ben Lake,Plaid Cymru,Ceredigion Preseli,ben.lake.mp@parliament.uk
Katie Lam,Conservative,Weald of Kent,katie.lam.mp@parliament.uk
Peter Lamb,Labour,Crawley,peter.lamb.mp@parliament.uk
Mr David Lammy,Labour,Tottenham,david.lammy.mp@parliament.uk 
John Lamont,Conservative,"Berwickshire, Roxburgh and Selkirk",john.lamont.mp@parliament.uk
Ian Lavery,Labour,Blyth and Ashington,ian.lavery.mp@parliament.uk
Chris Law,Scottish National Party,Dundee Central,chris.law.mp@parliament.uk
Noah Law,Labour,St Austell and Newquay,noah.law.mp@parliament.uk
Kim Leadbeater,Labour,Spen Valley,kim.leadbeater.mp@parliament.uk
Graham Leadbitter,Scottish National Party,"Moray West, Nairn and Strathspey",graham.leadbitter.mp@parliament.uk
Sir Edward Leigh,Conservative,Gainsborough,edward.leigh.mp@parliament.uk
Brian Leishman,Independent,Alloa and Grangemouth,brian.leishman.mp@parliament.uk
Emma Lewell,Labour,South Shields,emma.lewell.mp@parliament.uk
Andrew Lewin,Labour,Welwyn Hatfield,andrew.lewin.mp@parliament.uk
Clive Lewis,Labour,Norwich South,clive.lewis.mp@parliament.uk
Sir Julian Lewis,Conservative,New Forest East,Not Available
Simon Lightwood,Labour,Wakefield and Rothwell,simon.lightwood.mp@parliament.uk
Carla Lockhart,Democratic Unionist Party,Upper Bann,carla.lockhart.mp@parliament.uk
Seamus Logan,Scottish National Party,Aberdeenshire North and Moray East,seamus.logan.mp@parliament.uk
Rebecca Long Bailey,Labour,Salford,rebecca.longbailey.mp@parliament.uk
Julia Lopez,Conservative,Hornchurch and Upminster,julia.lopez.mp@parliament.uk
Rupert Lowe,Independent,Great Yarmouth,rupert.lowe.mp@parliament.uk
Josh MacAlister,Labour,Whitehaven and Workington,josh.macalister.mp@parliament.uk
James MacCleary,Liberal Democrat,Lewes,james.maccleary.mp@parliament.uk
Alice Macdonald,Labour,Norwich North,alice.macdonald.mp@parliament.uk
Mr Angus MacDonald,Liberal Democrat,"Inverness, Skye and West Ross-shire",angus.macdonald.mp@parliament.uk
Andy MacNae,Labour,Rossendale and Darwen,andy.macnae.mp@parliament.uk
Justin Madders,Labour,Ellesmere Port and Bromborough,justin.madders.mp@parliament.uk
Ben Maguire,Liberal Democrat,North Cornwall,ben.maguire.mp@parliament.uk
Helen Maguire,Liberal Democrat,Epsom and Ewell,helen.maguire.mp@parliament.uk
Shabana Mahmood,Labour,Birmingham Ladywood,shabana.mahmood.mp@parliament.uk
Alan Mak,Conservative,Havant,alan.mak.mp@parliament.uk
Seema Malhotra,Labour,Feltham and Heston,seema.malhotra.mp@parliament.uk
Mr Cathal Mallaghan,Sinn Féin,Mid Ulster,cathal.mallaghan.mp@parliament.uk
Kit Malthouse,Conservative,North West Hampshire,kit.malthouse.mp@parliament.uk
Amanda Martin,Labour,Portsmouth North,amanda.martin.mp@parliament.uk
Mike Martin,Liberal Democrat,Tunbridge Wells,mike.martin.mp@parliament.uk
Rachael Maskell,Independent,York Central,rachael.maskell.mp@parliament.uk
Paul Maskey,Sinn Féin,Belfast West,paul.maskey.mp@parliament.uk
Keir Mather,Labour,Selby,keir.mather.mp@parliament.uk
Brian Mathew,Liberal Democrat,Melksham and Devizes,brian.mathew.mp@parliament.uk
Alex Mayer,Labour,Dunstable and Leighton Buzzard,alex.mayer.mp@parliament.uk
Jerome Mayhew,Conservative,Broadland and Fakenham,jerome.mayhew.mp@parliament.uk
Charlie Maynard,Liberal Democrat,Witney,charlie.maynard.mp@parliament.uk
Douglas McAllister,Labour,West Dunbartonshire,douglas.mcallister.mp@parliament.uk
Kerry McCarthy,Labour,Bristol East,kerry.mccarthy.mp@parliament.uk
Martin McCluskey,Labour,Inverclyde and Renfrewshire West,martin.mccluskey.mp@parliament.uk
Dame Siobhain McDonagh,Labour,Mitcham and Morden,mcdonaghs@parliament.uk
Andy McDonald,Labour,Middlesbrough and Thornaby East,andy.mcdonald.2nd@parliament.uk
Chris McDonald,Labour,Stockton North,chris.mcdonald.mp@parliament.uk
John McDonnell,Independent,Hayes and Harlington,mcdonnellj@parliament.uk
Blair McDougall,Labour,East Renfrewshire,blair.mcdougall.mp@parliament.uk
Lola McEvoy,Labour,Darlington,lola.mcevoy.mp@parliament.uk
Pat McFadden,Labour,Wolverhampton South East,mcfaddenp@parliament.uk
Alison McGovern,Labour,Birkenhead,alison.mcgovern.mp@parliament.uk
Alex McIntyre,Labour,Gloucester,alex.mcintyre.mp@parliament.uk
Gordon McKee,Labour,Glasgow South,gordon.mckee.mp@parliament.uk
Kevin McKenna,Labour,Sittingbourne and Sheppey,kevin.mckenna.mp@parliament.uk
Catherine McKinnell,Labour,Newcastle upon Tyne North,catherine.mckinnell.mp@parliament.uk
Jim McMahon,Labour,"Oldham West, Chadderton and Royton",jim.mcmahon.mp@parliament.uk 
Anna McMorrin,Labour,Cardiff North,anna.mcmorrin.mp@parliament.uk
James McMurdock,Independent,South Basildon and East Thurrock,james.mcmurdock.mp@parliament.uk
Frank McNally,Labour,Coatbridge and Bellshill,frank.mcnally.mp@parliament.uk
Kirsty McNeill,Labour,Midlothian,kirsty.mcneill.mp@parliament.uk
Esther McVey,Conservative,Tatton,esther.mcvey.mp@parliament.uk
Llinos Medi,Plaid Cymru,Ynys Môn,llinos.medi.mp@parliament.uk
Anneliese Midgley,Labour,Knowsley,anneliese.midgley.mp@parliament.uk
Ed Miliband,Labour,Doncaster North,ed.miliband.mp@parliament.uk
Calum Miller,Liberal Democrat,Bicester and Woodstock,calum.miller.mp@parliament.uk
John Milne,Liberal Democrat,Horsham,john.milne.mp@parliament.uk
Ms Julie Minns,Labour,Carlisle,julie.minns.mp@parliament.uk
Navendu Mishra,Labour,Stockport,navendu.mishra.mp@parliament.uk
Sir Andrew Mitchell,Conservative,Sutton Coldfield,andrew.mitchell.mp@parliament.uk
Abtisam Mohamed,Labour,Sheffield Central,abtisam.mohamed.mp@parliament.uk
Iqbal Mohamed,Independent,Dewsbury and Batley,iqbal.mohamed.mp@parliament.uk
Mr Gagan Mohindra,Conservative,South West Hertfordshire,gagan.mohindra.mp@parliament.uk
Perran Moon,Labour,Camborne and Redruth,perran.moon.mp@parliament.uk
Robbie Moore,Conservative,Keighley and Ilkley,robbie.moore.mp@parliament.uk
Layla Moran,Liberal Democrat,Oxford West and Abingdon,layla.moran.mp@parliament.uk
Jessica Morden,Labour,Newport East,mordenj@parliament.uk
Edward Morello,Liberal Democrat,West Dorset,edward.morello.mp@parliament.uk
Helen Morgan,Liberal Democrat,North Shropshire,helen.morgan.mp@parliament.uk
Stephen Morgan,Labour,Portsmouth South,stephen.morgan.mp@parliament.uk
Grahame Morris,Labour,Easington,grahame.morris.mp@parliament.uk
Joe Morris,Labour,Hexham,joe.morris.mp@parliament.uk
Tom Morrison,Liberal Democrat,Cheadle,tom.morrison.mp@parliament.uk
Joy Morrissey,Conservative,Beaconsfield,joy.morrissey.mp@parliament.uk
Wendy Morton,Conservative,Aldridge-Brownhills,wendy.morton.mp@parliament.uk
Dr Kieran Mullan,Conservative,Bexhill and Battle,kieran.mullan.mp@parliament.uk
Margaret Mullane,Labour,Dagenham and Rainham,margaret.mullane.mp@parliament.uk
David Mundell,Conservative,"Dumfriesshire, Clydesdale and Tweeddale",david.mundell.mp@parliament.uk
Tessa Munt,Liberal Democrat,Wells and Mendip Hills,tessa.munt.mp@parliament.uk
Luke Murphy,Labour,Basingstoke,luke.murphy.mp@parliament.uk
Chris Murray,Labour,Edinburgh East and Musselburgh,chris.murray.mp@parliament.uk
Ian Murray,Labour,Edinburgh South,ian.murray.mp@parliament.uk
James Murray,Labour,Ealing North,james.murray.mp@parliament.uk
Katrina Murray,Labour,Cumbernauld and Kirkintilloch,katrina.murray.mp@parliament.uk
Susan Murray,Liberal Democrat,Mid Dunbartonshire,susan.murray.mp@parliament.uk
Dr Andrew Murrison,Conservative,South West Wiltshire,murrisona@parliament.uk
Luke Myer,Labour,Middlesbrough South and East Cleveland,luke.myer.mp@parliament.uk
James Naish,Labour,Rushcliffe,james.naish.mp@parliament.uk
Connor Naismith,Labour,Crewe and Nantwich,connor.naismith.mp@parliament.uk
Lisa Nandy,Labour,Wigan,lisa.nandy.mp@parliament.uk
Kanishka Narayan,Labour,Vale of Glamorgan,kanishka.narayan.mp@parliament.uk
Pamela Nash,Labour,"Motherwell, Wishaw and Carluke",pamela.nash.mp@parliament.uk
Josh Newbury,Labour,Cannock Chase,josh.newbury.mp@parliament.uk
Samantha Niblett,Labour,South Derbyshire,samantha.niblett.mp@parliament.uk
Charlotte Nichols,Labour,Warrington North,charlotte.nichols.mp@parliament.uk
Caroline Nokes,Conservative,Romsey and Southampton North,caroline.nokes.mp@parliament.uk
Jesse Norman,Conservative,Hereford and South Herefordshire,jesse.norman.mp@parliament.uk
Alex Norris,Labour,Nottingham North and Kimberley,alex.norris.mp@parliament.uk
Dan Norris,Independent,North East Somerset and Hanham,dan.norris.mp@parliament.uk
Ben Obese-Jecty,Conservative,Huntingdon,ben.obesejecty.mp@parliament.uk
Neil O'Brien,Conservative,"Harborough, Oadby and Wigston",neil.obrien.mp@parliament.uk
Brendan O'Hara,Scottish National Party,"Argyll, Bute and South Lochaber",brendan.ohara.mp@parliament.uk
Sarah Olney,Liberal Democrat,Richmond Park,sarah.olney.mp@parliament.uk
Melanie Onn,Labour,Great Grimsby and Cleethorpes,melanie.onn.mp@parliament.uk
Dame Chi Onwurah,Labour,Newcastle upon Tyne Central and West,chi.onwurah.mp@parliament.uk
Dr Simon Opher,Labour,Stroud,simon.opher.mp@parliament.uk
Ms Abena Oppong-Asare,Labour,Erith and Thamesmead,abena.oppongasare.mp@parliament.uk
Kate Osamor,Labour,Edmonton and Winchmore Hill,kate.osamor.mp@parliament.uk
Kate Osborne,Labour,Jarrow and Gateshead East,kate.osborne.mp@parliament.uk
Tristan Osborne,Labour,Chatham and Aylesford,tristan.osborne.mp@parliament.uk
Taiwo Owatemi,Labour,Coventry North West,taiwo.owatemi.mp@parliament.uk
Sarah Owen,Labour,Luton North,sarah.owen.mp@parliament.uk
Darren Paffey,Labour,Southampton Itchen,darren.paffey.mp@parliament.uk
Andrew Pakes,Labour,Peterborough,andrew.pakes.mp@parliament.uk
Priti Patel,Conservative,Witham,withammp@parliament.uk
Matthew Patrick,Labour,Wirral West,matthew.patrick.mp@parliament.uk
Rebecca Paul,Conservative,Reigate,rebecca.paul.mp@parliament.uk
Michael Payne,Labour,Gedling,michael.payne.mp@parliament.uk
Stephanie Peacock,Labour,Barnsley South,stephanie.peacock.mp@parliament.uk
Jon Pearce,Labour,High Peak,jon.pearce.mp@parliament.uk
Matthew Pennycook,Labour,Greenwich and Woolwich,matthew.pennycook.mp@parliament.uk
Mr Toby Perkins,Labour,Chesterfield,toby.perkins.mp@parliament.uk
Manuela Perteghella,Liberal Democrat,Stratford-on-Avon,manuela.perteghella.mp@parliament.uk
Jess Phillips,Labour,Birmingham Yardley,jess.phillips.mp@parliament.uk
Bridget Phillipson,Labour,Houghton and Sunderland South,bridget.phillipson.mp@parliament.uk
Chris Philp,Conservative,Croydon South,chris.philp.mp@parliament.uk
Dr Al Pinkerton,Liberal Democrat,Surrey Heath,al.pinkerton.mp@parliament.uk
David Pinto-Duschinsky,Labour,Hendon,david.pintoduschinsky.mp@parliament.uk
Lee Pitcher,Labour,Doncaster East and the Isle of Axholme,lee.pitcher.mp@parliament.uk
Jo Platt,Labour,Leigh and Atherton,jo.platt.mp@parliament.uk
Sarah Pochin,Reform UK,Runcorn and Helsby,sarah.pochin.mp@parliament.uk
Luke Pollard,Labour,Plymouth Sutton and Devonport,luke.pollard.mp@parliament.uk
Joe Powell,Labour,Kensington and Bayswater,joe.powell.mp@parliament.uk
Lucy Powell,Labour,Manchester Central,Not Available
Gregor Poynton,Labour,Livingston,gregor.poynton.mp@parliament.uk
Peter Prinsley,Labour,Bury St Edmunds and Stowmarket,peter.prinsley.mp@parliament.uk
Mark Pritchard,Conservative,The Wrekin,mark.pritchard.mp@parliament.uk
Mr Richard Quigley,Labour,Isle of Wight West,richard.quigley.mp@parliament.uk
Yasmin Qureshi,Labour,Bolton South and Walkden,yasmin.qureshi.mp@parliament.uk
Steve Race,Labour,Exeter,steve.race.mp@parliament.uk
Shivani Raja,Conservative,Leicester East,shivani.raja.mp@parliament.uk
Adrian Ramsay,Green Party,Waveney Valley,adrian.ramsay.mp@parliament.uk
Mr Connor Rand,Labour,Altrincham and Sale West,connor.rand.mp@parliament.uk
Andrew Ranger,Labour,Wrexham,andrew.ranger.mp@parliament.uk
Jack Rankin,Conservative,Windsor,jack.rankin.mp@parliament.uk
Angela Rayner,Labour,Ashton-under-Lyne,angela.rayner.mp@parliament.uk
Mike Reader,Labour,Northampton South,mike.reader.mp@parliament.uk
David Reed,Conservative,Exmouth and Exeter East,david.reed.mp@parliament.uk
Steve Reed,Labour,Streatham and Croydon North,steve.reed.mp@parliament.uk
Ellie Reeves,Labour,Lewisham West and East Dulwich,ellie.reeves.mp@parliament.uk
Rachel Reeves,Labour,Leeds West and Pudsey,rachel.reeves.mp@parliament.uk
Joani Reid,Labour,East Kilbride and Strathaven,joani.reid.mp@parliament.uk
Emma Reynolds,Labour,Wycombe,emma.reynolds.mp@parliament.uk
Jonathan Reynolds,Labour,Stalybridge and Hyde,jonathan.reynolds.mp@parliament.uk
Mr Joshua Reynolds,Liberal Democrat,Maidenhead,joshua.reynolds.mp@parliament.uk
Martin Rhodes,Labour,Glasgow North,martin.rhodes.mp@parliament.uk
Bell Ribeiro-Addy,Labour,Clapham and Brixton Hill,bell.ribeiroaddy.mp@parliament.uk
Jake Richards,Labour,Rother Valley,jake.richards.mp@parliament.uk
Jenny Riddell-Carpenter,Labour,Suffolk Coastal,jenny.riddellcarpenter.mp@parliament.uk
Lucy Rigby,Labour,Northampton North,lucy.rigby.mp@parliament.uk
Ms Marie Rimmer,Labour,St Helens South and Whiston,marie.rimmer.mp@parliament.uk
Dave Robertson,Labour,Lichfield,dave.robertson.mp@parliament.uk
Joe Robertson,Conservative,Isle of Wight East,joe.robertson.mp@parliament.uk
Gavin Robinson,Democratic Unionist Party,Belfast East,gavin.robinson.mp@parliament.uk
Tim Roca,Labour,Macclesfield,tim.roca.mp@parliament.uk
Matt Rodda,Labour,Reading Central,matt.rodda.mp@parliament.uk
Ian Roome,Liberal Democrat,North Devon,ian.roome.mp@parliament.uk
Andrew Rosindell,Conservative,Romford,andrew.rosindell.mp@parliament.uk
Sam Rushworth,Labour,Bishop Auckland,sam.rushworth.mp@parliament.uk
Sarah Russell,Labour,Congleton,sarah.russell.mp@parliament.uk
Tom Rutland,Labour,East Worthing and Shoreham,tom.rutland.mp@parliament.uk
Oliver Ryan,Independent,Burnley,oliver.ryan.mp@parliament.uk
Anna Sabine,Liberal Democrat,Frome and East Somerset,anna.sabine.mp@parliament.uk
Sarah Sackman,Labour,Finchley and Golders Green,sarah.sackman.mp@parliament.uk
Dr Jeevun Sandher,Labour,Loughborough,jeevun.sandher.mp@parliament.uk
Dr Roz Savage,Liberal Democrat,South Cotswolds,roz.savage.mp@parliament.uk
Liz Saville Roberts,Plaid Cymru,Dwyfor Meirionnydd,liz.savilleroberts.mp@parliament.uk
Michelle Scrogham,Labour,Barrow and Furness,michelle.scrogham.mp@parliament.uk
Mark Sewards,Labour,Leeds South West and Morley,mark.sewards.mp@parliament.uk
Naz Shah,Labour,Bradford West,naz.shah.mp@parliament.uk
Baggy Shanker,Labour,Derby South,baggy.shanker.mp@parliament.uk
Michael Shanks,Labour,Rutherglen,michael.shanks.mp@parliament.uk
Jim Shannon,Democratic Unionist Party,Strangford,jim.shannon.mp@parliament.uk
Dr Neil Shastri-Hurst,Conservative,Solihull West and Shirley,neil.shastrihurst.mp@parliament.uk
Sir Alec Shelbrooke,Conservative,Wetherby and Easingwold,alec.shelbrooke.mp@parliament.uk
Tulip Siddiq,Labour,Hampstead and Highgate,tulip.siddiq.mp@parliament.uk
David Simmonds,Conservative,"Ruislip, Northwood and Pinner",david.simmonds.mp@parliament.uk
Josh Simons,Labour,Makerfield,josh.simons.mp@parliament.uk
Vikki Slade,Liberal Democrat,Mid Dorset and North Poole,vikki.slade.mp@parliament.uk
Andy Slaughter,Labour,Hammersmith and Chiswick,slaughtera@parliament.uk
John Slinger,Labour,Rugby,john.slinger.mp@parliament.uk
Lisa Smart,Liberal Democrat,Hazel Grove,lisa.smart.mp@parliament.uk
Cat Smith,Labour,Lancaster and Wyre,cat.smith.mp@parliament.uk
David Smith,Labour,North Northumberland,david.smith.mp@parliament.uk
Greg Smith,Conservative,Mid Buckinghamshire,greg.smith.mp@parliament.uk
Jeff Smith,Labour,Manchester Withington,jeff.smith.mp@parliament.uk
Nick Smith,Labour,Blaenau Gwent and Rhymney,nick.smith.mp@parliament.uk
Rebecca Smith,Conservative,South West Devon,rebecca.smith.mp@parliament.uk
Sarah Smith,Labour,Hyndburn,sarah.smith.mp@parliament.uk
Sir Julian Smith,Conservative,Skipton and Ripon,julian.smith.mp@parliament.uk
Karin Smyth,Labour,Bristol South,karin.smyth.mp@parliament.uk
Gareth Snell,Labour,Stoke-on-Trent Central,gareth.snell.mp@parliament.uk
Mr Andrew Snowden,Conservative,Fylde,andrew.snowden.mp@parliament.uk
Alex Sobel,Labour,Leeds Central and Headingley,alex.sobel.mp@parliament.uk
Ian Sollom,Liberal Democrat,St Neots and Mid Cambridgeshire,ian.sollom.mp@parliament.uk
Dr Ben Spencer,Conservative,Runnymede and Weybridge,ben.spencer.mp@parliament.uk
Patrick Spencer,Independent,Central Suffolk and North Ipswich,patrick.spencer.mp@parliament.uk
Gregory Stafford,Conservative,Farnham and Bordon,greg.stafford.mp@parliament.uk
Euan Stainbank,Labour,Falkirk,euan.stainbank.mp@parliament.uk
Sir Keir Starmer,Labour,Holborn and St Pancras,keir.starmer.mp@parliament.uk
Blake Stephenson,Conservative,Mid Bedfordshire,blake.stephenson.mp@parliament.uk
Jo Stevens,Labour,Cardiff East,jo.stevens.mp@parliament.uk
Kenneth Stevenson,Labour,Airdrie and Shotts,kenneth.stevenson.mp@parliament.uk
Elaine Stewart,Labour,"Ayr, Carrick and Cumnock",elaine.stewart.mp@parliament.uk
Jamie Stone,Liberal Democrat,"Caithness, Sutherland and Easter Ross",jamie.stone.mp@parliament.uk
Will Stone,Labour,Swindon North,will.stone.mp@parliament.uk
Alistair Strathern,Labour,Hitchin,alistair.strathern.mp@parliament.uk
Wes Streeting,Labour,Ilford North,wes.streeting.mp@parliament.uk
Alan Strickland,Labour,Newton Aycliffe and Spennymoor,alan.strickland.mp@parliament.uk
Sir Mel Stride,Conservative,Central Devon,mel.stride.mp@parliament.uk
Graham Stringer,Labour,Blackley and Middleton South,graham.stringer.mp@parliament.uk
Graham Stuart,Conservative,Beverley and Holderness,grahamstuartmp@parliament.uk
Dr Lauren Sullivan,Labour,Gravesham,lauren.sullivan.mp@parliament.uk
Kirsteen Sullivan,Labour,Bathgate and Linlithgow,kirsteen.sullivan.mp@parliament.uk
Zarah Sultana,Independent,Coventry South,zarah.sultana.mp@parliament.uk
Rishi Sunak,Conservative,Richmond and Northallerton,rishi.sunak.mp@parliament.uk
Peter Swallow,Labour,Bracknell,peter.swallow.mp@parliament.uk
Robin Swann,Ulster Unionist Party,South Antrim,robin.swann.mp@parliament.uk
Sir Desmond Swayne,Conservative,New Forest West,swayned@parliament.uk
Sir Mark Tami,Labour,Alyn and Deeside,tamim@parliament.uk
Mike Tapp,Labour,Dover and Deal,mike.tapp.mp@parliament.uk
Alison Taylor,Labour,Paisley and Renfrewshire North,alison.taylor.mp@parliament.uk
David Taylor,Labour,Hemel Hempstead,david.taylor.mp@parliament.uk
Luke Taylor,Liberal Democrat,Sutton and Cheam,luke.taylor.mp@parliament.uk
Rachel Taylor,Labour,North Warwickshire and Bedworth,rachel.taylor.mp@parliament.uk
Bradley Thomas,Conservative,Bromsgrove,bradley.thomas.mp@parliament.uk
Cameron Thomas,Liberal Democrat,Tewkesbury,cameron.thomas.mp@parliament.uk
Fred Thomas,Labour,Plymouth Moor View,fred.thomas.mp@parliament.uk
Gareth Thomas,Labour,Harrow West,gareth.thomas.mp@parliament.uk
Nick Thomas-Symonds,Labour,Torfaen,nick.thomassymonds.mp@parliament.uk
Adam Thompson,Labour,Erewash,adam.thompson.mp@parliament.uk
Emily Thornberry,Labour,Islington South and Finsbury,thornberrye@parliament.uk
Richard Tice,Reform UK,Boston and Skegness,richard.tice.mp@parliament.uk
Dr Marie Tidball,Labour,Penistone and Stocksbridge,marie.tidball.mp@parliament.uk
Sir Stephen Timms,Labour,East Ham,timmss@parliament.uk
Nick Timothy,Conservative,West Suffolk,nick.timothy.mp@parliament.uk
Jessica Toale,Labour,Bournemouth West,jessica.toale.mp@parliament.uk
Dan Tomlinson,Labour,Chipping Barnet,dan.tomlinson.mp@parliament.uk
Jon Trickett,Labour,Normanton and Hemsworth,trickettj@parliament.uk
Laura Trott,Conservative,Sevenoaks,laura.trott.mp@parliament.uk
Henry Tufnell,Labour,Mid and South Pembrokeshire,henry.tufnell.mp@parliament.uk
Tom Tugendhat,Conservative,Tonbridge,tom.tugendhat.mp@parliament.uk
Anna Turley,Labour,Redcar,anna.turley.mp@parliament.uk
Matt Turmaine,Labour,Watford,matt.turmaine.mp@parliament.uk
Karl Turner,Labour,Kingston upon Hull East,karl.turner.mp@parliament.uk
Laurence Turner,Labour,Birmingham Northfield,laurence.turner.mp@parliament.uk
Derek Twigg,Labour,Widnes and Halewood,derek.twigg.mp@parliament.uk
Liz Twist,Labour,Blaydon and Consett,liz.twist.mp@parliament.uk
Harpreet Uppal,Labour,Huddersfield,harpreet.uppal.mp@parliament.uk
Freddie van Mierlo,Liberal Democrat,Henley and Thame,freddie.vanmierlo.mp@parliament.uk
Tony Vaughan,Labour,Folkestone and Hythe,tony.vaughan.mp@parliament.uk
Valerie Vaz,Labour,Walsall and Bloxwich,valerie.vaz.mp@parliament.uk
Martin Vickers,Conservative,Brigg and Immingham,martin.vickers.mp@parliament.uk
Matt Vickers,Conservative,Stockton West,matt.vickers.mp@parliament.uk
Chris Vince,Labour,Harlow,chris.vince.mp@parliament.uk
Caroline Voaden,Liberal Democrat,South Devon,caroline.voaden.mp@parliament.uk
Christian Wakeford,Labour,Bury South,christian.wakeford.mp@parliament.uk
Imogen Walker,Labour,Hamilton and Clyde Valley,imogen.walker.mp@parliament.uk
Chris Ward,Labour,Brighton Kemptown and Peacehaven,chris.ward.mp@parliament.uk
Melanie Ward,Labour,Cowdenbeath and Kirkcaldy,melanie.ward.mp@parliament.uk
Paul Waugh,Labour,Rochdale,paul.waugh.mp@parliament.uk
Chris Webb,Labour,Blackpool South,chris.webb.mp@parliament.uk
Michelle Welsh,Labour,Sherwood Forest,michelle.welsh.mp@parliament.uk
Catherine West,Labour,Hornsey and Friern Barnet,catherine.west.mp@parliament.uk
Andrew Western,Labour,Stretford and Urmston,andrew.western.mp@parliament.uk
Matt Western,Labour,Warwick and Leamington,matt.western.mp@parliament.uk
Helen Whately,Conservative,Faversham and Mid Kent,helen.whately.mp@parliament.uk
Michael Wheeler,Labour,Worsley and Eccles,michael.wheeler.mp@parliament.uk
John Whitby,Labour,Derbyshire Dales,john.whitby.mp@parliament.uk
Jo White,Labour,Bassetlaw,jo.white.mp@parliament.uk
Katie White,Labour,Leeds North West,katie.white.mp@parliament.uk
Sir John Whittingdale,Conservative,Maldon,john.whittingdale.mp@parliament.uk
Nadia Whittome,Labour,Nottingham East,nadia.whittome.mp@parliament.uk
James Wild,Conservative,North West Norfolk,james.wild.mp@parliament.uk
Max Wilkinson,Liberal Democrat,Cheltenham,max.wilkinson.mp@parliament.uk
David Williams,Labour,Stoke-on-Trent North,david.williams.mp@parliament.uk
Sir Gavin Williamson,Conservative,"Stone, Great Wyrley and Penkridge",gavin.williamson.mp@parliament.uk
Munira Wilson,Liberal Democrat,Twickenham,munira.wilson.mp@parliament.uk
Sammy Wilson,Democratic Unionist Party,East Antrim,barronj@parliament.uk
Pete Wishart,Scottish National Party,Perth and Kinross-shire,pete.wishart.mp@parliament.uk
Steve Witherden,Labour,Montgomeryshire and Glynd?r,steve.witherden.mp@parliament.uk
Mike Wood,Conservative,Kingswinford and South Staffordshire,mike.wood.mp@parliament.uk
Sean Woodcock,Labour,Banbury,sean.woodcock.mp@parliament.uk
Sir Jeremy Wright,Conservative,Kenilworth and Southam,Jeremy.wright.mp@parliament.uk
Rosie Wrighting,Labour,Kettering,rosie.wrighting.mp@parliament.uk
Martin Wrigley,Liberal Democrat,Newton Abbot,martin.wrigley.mp@parliament.uk
Yuan Yang,Labour,Earley and Woodley,yuan.yang.mp@parliament.uk
Mohammad Yasin,Labour,Bedford,mohammad.yasin.mp@parliament.uk
Steve Yemm,Labour,Mansfield,steve.yemm.mp@parliament.uk
Claire Young,Liberal Democrat,Thornbury and Yate,claire.young.mp@parliament.uk
Daniel Zeichner,Labour,Cambridge,Not Available
